,line_651to632_a_mag,line_651to632_a_ang,line_651to632_b_mag,line_651to632_b_ang,line_651to632_c_mag,line_651to632_c_ang,line_645to646_a_mag,line_645to646_a_ang,line_645to646_b_mag,line_645to646_b_ang,line_645to646_c_mag,line_645to646_c_ang,line_671to680_a_mag,line_671to680_a_ang,line_671to680_b_mag,line_671to680_b_ang,line_671to680_c_mag,line_671to680_c_ang,line_684to611_a_mag,line_684to611_a_ang,line_684to611_b_mag,line_684to611_b_ang,line_684to611_c_mag,line_684to611_c_ang,line_632to671_a_mag,line_632to671_a_ang,line_632to671_b_mag,line_632to671_b_ang,line_632to671_c_mag,line_632to671_c_ang,line_671to684_a_mag,line_671to684_a_ang,line_671to684_b_mag,line_671to684_b_ang,line_671to684_c_mag,line_671to684_c_ang,line_632to645_a_mag,line_632to645_a_ang,line_632to645_b_mag,line_632to645_b_ang,line_632to645_c_mag,line_632to645_c_ang,line_632to633_a_mag,line_632to633_a_ang,line_632to633_b_mag,line_632to633_b_ang,line_632to633_c_mag,line_632to633_c_ang,line_684to652_a_mag,line_684to652_a_ang,line_684to652_b_mag,line_684to652_b_ang,line_684to652_c_mag,line_684to652_c_ang,line_692to675_a_mag,line_692to675_a_ang,line_692to675_b_mag,line_692to675_b_ang,line_692to675_c_mag,line_692to675_c_ang,transformer_650to651_a_mag,transformer_650to651_a_ang,transformer_650to651_b_mag,transformer_650to651_b_ang,transformer_650to651_c_mag,transformer_650to651_c_ang,transformer_633to634_a_mag,transformer_633to634_a_ang,transformer_633to634_b_mag,transformer_633to634_b_ang,transformer_633to634_c_mag,transformer_633to634_c_ang,switch_671to692_a_mag,switch_671to692_a_ang,switch_671to692_b_mag,switch_671to692_b_ang,switch_671to692_c_mag,switch_671to692_c_ang
0,146.7328044150255,-56.49672113196995,95.42547420804476,-123.33647856260423,157.58632282296446,109.42470448670018,0.0,0.0,0.0028394077534033128,-21.336570671523347,0.0028354615828885214,-160.30110391976498,0.0029945969536011603,89.81003575072826,0.0030770524629924086,-31.14713993652134,0.0030486842709936926,-151.51282422976257,0.0,0.0,0.0,0.0,0.0030697090274902604,-151.30266485398894,114.24353828072753,-63.27789890374729,66.98106528332798,-106.1584357608556,116.30936768083454,118.8560987205584,24.25967034386761,-33.798333633257634,0.0,0.0,0.0058672879204224645,-146.80368487491512,0.0,0.0,0.005678815208206035,-21.336566937380876,0.0056709229006890365,-160.30110075504518,32.64815372278679,-34.83793620748851,24.74711102497314,-157.92284985272315,24.80031662343018,82.18063157937989,24.260784787350406,-33.80427100910699,0.0,0.0,0.0,0.0,88.31685875202685,-21.329757238496782,74.29293006016032,-40.33964071106805,67.80325307370344,164.1869086648132,146.73338304181482,-56.496870698749454,95.42551458907768,-123.3368945089633,157.58645016803766,109.42445647155967,32.64987821318965,-34.842309757313636,24.748971776302643,-157.92851006324244,24.802154304685427,82.17499208826594,88.31686101923742,-21.329756662371658,74.29293065415898,-40.33963746975131,67.8032546434989,164.18690744402053
1,157.92643192651653,-52.69249766313004,80.47308200206602,-123.35053801725253,176.7145404034466,110.90762994726059,0.0,0.0,0.002844283935821534,-21.2119217857925,0.002832551913672136,-160.42994502417542,0.00299283914920866,89.61041860619599,0.0030823121260427386,-30.933595345345427,0.0030441465665964514,-151.74655042992381,0.0,0.0,0.0,0.0,0.0030556010208146467,-151.58479982546206,124.42740410384533,-57.81315353468952,52.87367880904874,-101.62290832159722,135.98248577136445,119.46868935855026,24.21900134315808,-34.13529066891181,0.0,0.0,0.005842555942396981,-147.06129511267497,0.0,0.0,0.005688567572216367,-21.211918161072973,0.005665103555058546,-160.4299417998433,32.50779037211049,-35.002076629849064,24.629639688144607,-157.72593411545043,24.773888288299833,82.04139337654807,24.22011974711221,-34.14124163857292,0.0,0.0,0.0,0.0,87.86444294460821,-21.667201834453458,74.54549210743272,-39.866742222159374,67.54079034523387,163.6184929526229,157.9269838646053,-52.69265025115917,80.47312255659544,-123.35103124215003,176.71465005166098,110.9074077839018,32.50951723228838,-35.006464285489876,24.631498224243643,-157.7316331744603,24.775725561610432,82.03575395918458,87.86443947593101,-21.667202733821174,74.54549415672727,-39.86673982807277,67.54079010200834,163.61849180444025
2,149.61056535474958,-57.93798033244638,73.67959048300948,-126.46799072406145,158.2712652309698,108.42031013415568,0.0,0.0,0.002842337448493444,-21.178793031489583,0.0028333870758425477,-160.30415266959275,0.002994869584010557,89.8006272776739,0.003079722605545895,-30.86581046504964,0.0030457493110171833,-151.50144223127725,0.0,0.0,0.0,0.0,0.0030600684903343152,-151.32425339037368,117.77131047000394,-64.85519900437511,45.05510955833283,-103.22074140560312,116.75450021091699,117.39588163694992,24.13592118092583,-33.9048154045127,0.0,0.0,0.005850900190397744,-146.80861684601965,0.0,0.0,0.005684674591408702,-21.178789230762636,0.0056667738773461965,-160.304149449742,32.39571371457418,-34.887174776933115,24.55808252159024,-157.71797711597847,24.669273303591186,82.17218800778359,24.137039440128977,-33.91078870311759,0.0,0.0,0.0,0.0,87.56550207088948,-21.436238007715563,74.47646647297904,-39.84059933244062,67.58571488968462,164.19187425348483,149.6111534316241,-57.938121402214584,73.67966865121986,-126.46852691209351,158.27140451412262,108.42006403799745,32.39744026861296,-34.89158025124527,24.5599414211121,-157.723688417391,24.671110767869088,82.16652231565662,87.56550787131653,-21.436236518086275,74.47646964677762,-39.84060167873734,67.58571417105844,164.19187226060166
3,148.78870583835902,-57.90926491838382,76.08819086072154,-126.2670925659376,158.26484800680217,108.61471452990659,0.0,0.0,0.0028417882540277195,-21.19427160567295,0.0028337327501736288,-160.3069167087144,0.0029951312457472696,89.80814969823737,0.0030790712518253033,-30.895842472523544,0.0030461519508799243,-151.5071284307325,0.0,0.0,0.0,0.0,0.0030613479911946627,-151.3332639696806,117.05704262160762,-64.84026660240455,47.463418237996386,-104.17634976864719,116.9782882148773,117.61324969578796,24.053456590953736,-33.880866639772975,0.0,0.0,0.005852973137577285,-146.81778989237853,0.0,0.0,0.005683576200207862,-21.194267818433513,0.005667465221341866,-160.30691351162392,32.28337368910073,-34.87409618811659,24.47825237521738,-157.73832224785016,24.57862825836611,82.1687247595534,24.054574472422587,-33.886860551072225,0.0,0.0,0.0,0.0,87.26460557400986,-21.41201846020564,74.46742260466948,-39.85819198208618,67.57901051304928,164.3926303948694,148.78929373047666,-57.909406880678375,76.08826660894653,-126.2676119833868,158.26498498287734,108.61446825422867,32.285099932057435,-34.8785177043325,24.4801113244422,-157.7440511580993,24.58046590003446,82.16303782115659,87.26459962356778,-21.412019993176663,74.46742543918975,-39.858191096082344,67.57900937754961,164.39263173014854
4,148.9959479479656,-58.04386972526241,75.48259387534725,-126.04577735990782,158.37135357748556,108.59977996115958,0.0,0.0,0.002841994258028724,-21.19251176055492,0.0028337088271729563,-160.30690460222334,0.0029949888723474795,89.81013889701785,0.003079437546248663,-30.89064074558265,0.0030461225187434168,-151.50720356861402,0.0,0.0,0.0,0.0,0.0030612073651913522,-151.33158653455877,117.24093144104071,-65.01588568989827,46.96811928389544,-103.501437379377,116.99544701023667,117.61009176229884,24.100823281707406,-33.88157137307626,0.0,0.0,0.0058527192676919694,-146.81628925294723,0.0,0.0,0.005683988208900558,-21.192508010171874,0.005667417378513185,-160.30690153377583,32.350736198965706,-34.875234048502264,24.526436251992635,-157.7357912733728,24.62970867823114,82.16894208555736,24.101941114231703,-33.88755319773728,0.0,0.0,0.0,0.0,87.44757210103745,-21.412861005768146,74.46601375202661,-39.868221934839916,67.59316230933892,164.29007180319712,148.99653670412647,-58.04401095857618,75.48266696077441,-126.0463011659783,158.37149073152327,108.59953386402174,32.35246248064778,-34.879646130847455,24.52829530212052,-157.74150926164887,24.631546282023493,82.16326696416559,87.44756960333405,-21.412861646921467,74.46601919878319,-39.86822207545786,67.59316249984712,164.29007001693827
5,151.2968025369264,-56.798152939765316,76.67963594501973,-124.85794279725049,162.5800794651364,109.20719956521936,0.0,0.0,0.0028427733624288463,-21.201726557839734,0.002833491073821132,-160.33352515649355,0.0029941433687955907,89.76337353484175,0.00308059628814689,-30.905743003501378,0.0030457615808601917,-151.56152945108983,0.0,0.0,0.0,0.0,0.003060092036643314,-151.38248413212168,119.0633547817317,-63.32375044532869,48.639068797127486,-102.24081196097582,121.33822420350775,118.1388815393216,24.14635656357244,-33.942631768408425,0.0,0.0,0.0058507076437870524,-146.86705710206212,0.0,0.0,0.005685546414289281,-21.201722905646413,0.0056669818725882965,-160.33352199477943,32.42343072739325,-34.906203269847055,24.571860626772033,-157.7386732650589,24.687003800073512,82.14294474746477,24.147474275317435,-33.948600960910916,0.0,0.0,0.0,0.0,87.65188770167393,-21.47411644105425,74.49872334624861,-39.88245221697001,67.59201690248614,164.09960757260959,151.29738316989793,-56.79829683964113,76.67969470839815,-124.85845944517104,162.58020939777606,109.20695934011796,32.42515709574915,-34.91060440980006,24.573719810424723,-157.74438210981225,24.688841220558118,82.13728310820935,87.65188742330798,-21.474116510602016,74.49872352488146,-39.88245209256695,67.5920183411483,164.09960030691533
6,149.5006074239272,-55.37171813639087,89.71105302595528,-122.46798955096693,168.8624735065866,110.15094469477431,0.0,0.0,0.0028413608959209666,-21.28729648104093,0.0028341018503834697,-160.38416712029255,0.0029948296698592606,89.74851630723225,0.003079514037894163,-31.068116082214075,0.0030458446381584742,-151.65632810366924,0.0,0.0,0.0,0.0,0.0030628333814954802,-151.4893682476114,117.05875069378784,-61.570801629751166,62.2287986589817,-103.76244088224816,128.2396089260699,118.875588349024,24.002943102684668,-33.90636359056428,0.0,0.0,0.00585459186270127,-146.97074698036369,0.0,0.0,0.0056827214910889785,-21.287292771345818,0.005668203422684243,-160.3841639713224,32.22798092720223,-34.88617301550144,24.436592728664458,-157.836618420476,24.527544190202665,82.09133466280635,24.004059396076066,-33.912367975177816,0.0,0.0,0.0,0.0,87.12837034526838,-21.437338938076426,74.45953420559549,-40.04318868920944,67.58938961329807,164.37396078064288,149.5011784180392,-55.371869259524296,89.71108290286024,-122.46843233160646,168.86259219471054,110.15071271207803,32.22970633769131,-34.89060285157566,24.438452316085815,-157.84235652212507,24.52938185865195,82.0856364950553,87.12837250386416,-21.437338380995815,74.4595397493703,-40.04319282081351,67.58939180179075,164.37396049527757
7,147.5456516471645,-53.71938935088762,107.60948888106331,-120.40974744708167,176.55101705109297,111.45941600721268,0.0,0.0,0.00283919022325468,-21.406372299861513,0.002835326814911919,-160.44670642541473,0.0029953338432560897,89.74023714240462,0.0030777215788346363,-31.29091703079249,0.003046618287029069,-151.77620312546946,0.0,0.0,0.0,0.0,0.003067851724976045,-151.62337640041585,114.86477474106167,-59.531632106851305,80.57412801867004,-105.29352252062925,136.725344321074,120.00488852866948,23.85293577032677,-33.83543996424748,0.0,0.0,0.005862059395788611,-147.10297361293712,0.0,0.0,0.0056783801344755065,-21.406368536676155,0.00567065335255085,-160.4467032069844,32.037007300620076,-34.84920711403244,24.307901451161857,-157.97701894147278,24.359139044133283,82.02603532597274,23.85404956378724,-33.8414804743444,0.0,0.0,0.0,0.0,86.62876153001828,-21.365833918874195,74.3741215706366,-40.29878220494725,67.62900212216898,164.69279594442685,147.54621103344192,-53.71954880654077,107.60949383676721,-120.41011691395298,176.55112009475343,111.45919330531598,32.03873110411555,-34.85366597937463,24.309761737478773,-157.98278340581396,24.360977211405814,82.02029750342834,86.6287636244581,-21.365833376091366,74.37412239514133,-40.29877984516733,67.62900125498744,164.69279644300843
8,157.12883930970992,-45.83536852779115,133.442345280995,-117.52397378118427,203.63118406581185,114.31936964366288,0.0,0.0,0.0028394267052110687,-21.557306089462394,0.0028351438672246537,-160.63316696227938,0.0029937599556045945,89.49518695746563,0.003078939083409835,-31.58078169416978,0.003045399370756421,-152.13925023258668,0.0,0.0,0.0,0.0,0.0030669837818423466,-152.0038003636535,122.54418296478435,-49.07798532979831,107.03243734633477,-105.28200058617412,164.73897357487687,122.21446407778554,23.988125164028595,-34.065135883049116,0.0,0.0,0.005859236132923104,-147.47617500086432,0.0,0.0,0.005678853098333744,-21.55730243973204,0.005670287456570186,-160.63316375429997,32.23595569945203,-34.96476899014704,24.454902804851287,-158.12188673636166,24.51140928595635,81.83424505748015,23.989237357515393,-34.07113898640745,0.0,0.0,0.0,0.0,87.17489629409872,-21.59600913391217,74.33311491749056,-40.64050347350126,67.6592949789478,163.99398704666768,157.12933708290873,-45.83554482253985,133.4423152940255,-117.52427145382327,203.63125273985983,114.31917535173409,32.23767877068829,-34.96919941616909,24.456763349728497,-158.12761751086896,24.513247411828544,81.82854521725172,87.17490063410582,-21.596008005677557,74.33311303606253,-40.640503817565154,67.6592951183303,163.99398100619743
9,151.63080035964458,-46.198924728096124,152.16927919698938,-117.83690101683567,195.4517393191999,115.01036851298284,0.0,0.0,0.002835322292743196,-21.697780194677467,0.0028382836176356597,-160.58134894206594,0.0029938736926443175,89.583311316871,0.0030745143181284476,-31.82860600994497,0.0030501466629624433,-152.05990546500766,0.0,0.0,0.0,0.0,0.0030801673937399664,-151.89190167080756,117.09555646960776,-49.73564924576587,125.31007836213374,-107.4148236187465,157.03313002546824,123.44300842725245,23.94702266706139,-33.84966225394552,0.0,0.0,0.005881888735591835,-147.38560039317144,0.0,0.0,0.005670644271516581,-21.697776447560663,0.005676566945979327,-160.58134584920666,32.268793977341716,-34.85934369292579,24.487436493951478,-158.3220892987884,24.459997895499246,81.88921589018638,23.948130418968635,-33.85567062032458,0.0,0.0,0.0,0.0,87.34292145518344,-21.379984400066483,74.12819867250343,-41.086834144442676,67.88624841091611,164.51841497149002,151.63130118984188,-46.19910621751244,152.1692529953855,-117.8371621136554,195.4517996596981,115.0101658620172,32.2705143852708,-34.8637730260239,24.489298910684553,-158.32780228267788,24.46183679946894,81.88349832225197,87.34292567408988,-21.379983315836963,74.12820081008297,-41.08683220009115,67.88624791528004,164.51841806302906
10,161.0868698287045,-39.64474151046724,185.48740996484293,-115.8062210775211,234.0121335067222,117.4467967176621,0.0,0.0,0.002833889108223773,-21.891963831592662,0.0028385366770746086,-160.85875709623946,0.002993377165735392,89.39084579811139,0.0030744717880704345,-32.20704726670439,0.003047778656926066,-152.5753349300578,0.0,0.0,0.0,0.0,0.0030801887380912437,-152.48601881826676,125.78800538153548,-41.09028171753524,159.22674413314147,-107.21415660901366,196.62739674223764,124.72603725733032,23.96120777664811,-33.960959933851015,0.0,0.0,0.005878412228151705,-147.9533961218435,0.0,0.0,0.005667777916921694,-21.891960044450197,0.005677073082755153,-160.85875393024955,32.25074122564768,-34.91412763500383,24.505198782518995,-158.50986481153873,24.458255134108885,81.59186084811398,23.962312534314503,-33.96696327176056,0.0,0.0,0.0,0.0,87.26059949739971,-21.491426895148123,73.98381163430446,-41.49370747007844,67.88502341698923,163.9331563490792,161.08731256250707,-39.64493156343405,185.48735920426583,-115.80643485324805,234.01216440357177,117.44662698442586,32.25245972928438,-34.91856121117001,24.507061013624284,-158.51557339399307,24.460094908098313,81.58614871661446,87.26059732033626,-21.491427462564797,73.98381188427531,-41.49370701008575,67.8850241938906,163.93315955346435
11,160.76914424195624,-38.744779617103475,193.3444890085043,-116.20833957895977,228.82118703582296,117.78149645537448,0.0,0.0,0.0028324717203560526,-21.94771604392078,0.002839649206553911,-160.81955494413612,0.0029930591870477837,89.38454654763959,0.0030725551068404664,-32.30768672047672,0.003049937147814304,-152.5175324091919,0.0,0.0,0.0,0.0,0.003085223444124884,-152.39725778102508,125.68727884646233,-39.93344699251365,167.0399645227595,-108.14071310551462,191.95061205962858,125.2294152302157,23.739986792082306,-33.93357194509683,0.0,0.0,0.0058877426751784544,-147.8791546700971,0.0,0.0,0.005664943143915931,-21.947712304727432,0.005679298135579174,-160.81955179409118,32.000108182551365,-34.89784219499991,24.310454132697085,-158.58915695087293,24.234829283444267,81.63826322921784,23.74109019534231,-33.93962856871517,0.0,0.0,0.0,0.0,86.63514627749998,-21.463263524781237,73.99614191542861,-41.590332569699925,67.91564485080673,164.57772088607567,160.7695785291482,-38.74497250071345,193.344443107204,-116.20854476771494,228.8212138820965,117.7813228294398,32.00182580051931,-34.902311344022074,24.31231705156833,-158.59490713756344,24.236669039458548,81.63249489673973,86.63514714268061,-21.46326330057463,73.99614098149941,-41.590329050454855,67.91564433022101,164.5777199284468
12,162.16704187171436,-38.292511338752455,196.44451671831848,-115.62973548076498,237.28191761304316,117.92064877222235,0.0,0.0,0.002832790976914956,-21.96514981097735,0.0028392909210223846,-160.88060295466417,0.0029931184250376135,89.36557768187208,0.0030735797865484877,-32.34057851649369,0.0030487548924690174,-152.62346216563247,0.0,0.0,0.0,0.0,0.0030836236397306445,-152.52575915142165,126.64224437909044,-39.35614275841779,170.098579620416,-107.51355682267769,200.01707168641084,125.19586592955538,24.034961388751494,-33.948026079350825,0.0,0.0,0.0058840805551489675,-147.99807816321845,0.0,0.0,0.005665581645180149,-21.965146061502374,0.005678581559388589,-160.8805998487097,32.38103391659798,-34.90936629417221,24.60437320547272,-158.59950066835404,24.535763590698092,81.57042072656253,24.03606459382665,-33.954008779778675,0.0,0.0,0.0,0.0,87.63646006520459,-21.47858975472735,73.90539543155609,-41.71789294130685,67.97146533119674,163.82263784493972,162.16747187293862,-38.292703764970696,196.4444638263529,-115.62993728642164,237.2819427753525,117.9204813226223,32.38275156999337,-34.91378273756114,24.60623607926614,-158.60518351869132,24.537603497001857,81.56472560212468,87.63645694469513,-21.47859056033674,73.90539707577618,-41.71789250393538,67.97146539471775,163.82263639477873
13,158.86916759626453,-40.23324568281531,185.9383704788255,-115.98136829896875,226.10072564903004,117.32091771786257,0.0,0.0,0.002833393929178246,-21.904421443146127,0.002839185277495055,-160.80084782408986,0.002993359839595047,89.42616124522768,0.0030739492973276255,-32.22088451925015,0.003049446081682972,-152.47307595563026,0.0,0.0,0.0,0.0,0.0030834458620845775,-152.35334862313084,123.20694871674793,-41.90260181332959,159.330992012129,-107.32416896067448,188.30674057511766,124.96514185957524,24.209142519548116,-33.91347525187032,0.0,0.0,0.005884782309233532,-147.83264993673743,0.0,0.0,0.005666787551420148,-21.904417755174705,0.005678370275584873,-160.80084464622934,32.62683281145315,-34.89512000523159,24.78051697777898,-158.54052271399942,24.719743665294295,81.65451209125213,24.210246676199176,-33.91941558781617,0.0,0.0,0.0,0.0,88.30237348203944,-21.444487555085935,73.9004101213127,-41.655011697589096,68.02476487933366,163.62904451252302,158.86961579730993,-40.23343673936167,185.93832183491116,-115.98158160318702,226.1007580690108,117.32074206297678,32.62855117360007,-34.89950249862189,24.782379989286234,-158.54616554182445,24.72158337027575,81.64885790035807,88.30236924197712,-21.444488635427184,73.90040680310679,-41.65500814777308,68.02476255436157,163.62904254835766
14,161.9371367909474,-40.39995336277309,171.83651354238484,-115.70794819312908,230.7876892288687,116.89334215099348,0.0,0.0,0.0028361769158230764,-21.799639780186453,0.002837202307929997,-160.83244680605344,0.002993597802224539,89.37826733310787,0.003076945792326846,-32.03456672068497,0.0030466054516795223,-152.51764544830556,0.0,0.0,0.0,0.0,0.0030748607669440937,-152.42404697290726,126.04154186850042,-42.071004879675314,145.3107082528785,-106.11897778357256,192.42959689426507,124.35756304276,24.421072673388515,-34.04666006082734,0.0,0.0,0.005870050867719125,-147.88827459620637,0.0,0.0,0.0056723535308663385,-21.79963606799483,0.0056744043405764786,-160.83244364260423,32.84718407593034,-34.963004584357364,24.944646227024492,-158.39643174337078,24.93970134901347,81.61776182579142,24.42217997179851,-34.0525530431267,0.0,0.0,0.0,0.0,88.8305153578002,-21.578532872489355,73.97389014347162,-41.40375723486356,67.94083231748843,162.9238913142247,161.93758653045876,-40.40014033744314,171.83646159725478,-115.70817892249234,230.7877268206928,116.8931701288076,32.84890438549608,-34.967355478252685,24.946507965526315,-158.4020441851495,24.94154074843164,81.61216133085966,88.83051537468941,-21.57853287668659,73.97388956276521,-41.40375427852088,67.9408341221088,162.92389265189388
15,150.04025128783724,-47.72680119890902,144.98316549314458,-117.87791827816712,192.534487036872,114.635827327994,0.0,0.0,0.0028359491571646467,-21.653628217967327,0.002838101258522288,-160.5630310579855,0.0029944966801475517,89.62612469271347,0.0030754734355653143,-31.74172725995168,0.0030502661519954378,-152.01484659331322,0.0,0.0,0.0,0.0,0.003079271631183123,-151.85191118188322,114.89640578115757,-51.90035651907553,117.58679037531307,-106.49472433155273,153.0008737880354,123.4148981550587,24.575586811376795,-33.82140299135729,0.0,0.0,0.00588047805701856,-147.3431208164998,0.0,0.0,0.005671898023984153,-21.653624509083578,0.005676202245129085,-160.5630278697752,33.10635374328764,-34.85497374252342,25.12160643812869,-158.27615502206442,25.103234221906995,81.90135288626317,24.57669532529668,-33.827259600516356,0.0,0.0,0.0,0.0,89.56818991454132,-21.353462031238106,73.95855261333584,-41.22061691467241,68.07699215726922,163.27747732850364,150.04076474924992,-47.72697944855951,144.98313978753373,-117.87819232301072,192.5345518959163,114.63562172860516,33.108074899450244,-34.85929047045698,25.123468887502924,-158.2817248337571,25.10507338301025,81.89578260661162,89.5681939390233,-21.353461024636818,73.95855132815626,-41.220618720178585,68.07699328934956,163.27747272379784
16,157.76035346080064,-46.88864509326487,121.25740720895618,-117.71046475516488,197.80842036296616,113.75558744299364,0.0,0.0,0.0028412777365021597,-21.48073131345133,0.002834466687735431,-160.58696861619399,0.0029936939703981316,89.50169462999474,0.0030810990277784565,-31.43033439275853,0.0030455935946675744,-152.04778683528852,0.0,0.0,0.0,0.0,0.003064365325815207,-151.89473107042653,122.18830068351859,-50.54984810768451,94.27835934034941,-103.40225691678539,157.41131140704175,122.13995558323997,24.790842371656872,-34.114900874003574,0.0,0.0,0.0058557386335771205,-147.37071239597347,0.0,0.0,0.005682555172419496,-21.480727662518326,0.005668933094142786,-160.58696546995884,33.324644187057345,-35.00166660680415,25.261426026378732,-158.037514947211,25.35039919441484,81.8786222142602,24.791956264769066,-34.120710911667935,0.0,0.0,0.0,0.0,90.08484450394738,-21.64804988314739,74.19705949416142,-40.74373528732522,67.90483602803407,162.39073330565202,157.76086003763695,-46.88881732937976,121.25737947966398,-117.71079238407589,197.80849582902027,113.75538763700055,33.32636877735456,-35.00595000547975,25.263286643564587,-158.04306538567488,25.352237153370794,81.87311106258716,90.0848450632424,-21.648049744587855,74.19705880181583,-40.74373207851142,67.90483722842512,162.390736429157
17,152.22735659358818,-53.31981187302806,94.6445835108414,-120.26644479081432,174.59896280436774,111.07758752269022,0.0,0.0,0.00284240952930922,-21.324489786248062,0.002834094705042804,-160.41977791234757,0.002994092698029103,89.68163945401741,0.003081692355370059,-31.12686287556896,0.003046298700241254,-151.72638303506935,0.0,0.0,0.0,0.0,0.003063033354319366,-151.54386599650346,117.97990414657532,-59.084245136808214,67.24379947690839,-101.23308571534149,132.91105979747783,120.13102177638343,24.885259093659666,-33.984631472998686,0.0,0.0,0.005855007935372524,-147.02883537953304,0.0,0.0,0.005684818750950809,-21.324485983153064,0.005668189127838318,-160.41977480938564,33.45432420454223,-34.9388709284396,25.34574048092088,-157.87782217358637,25.45311824074284,82.05263646960617,24.88637491495154,-33.99042113985454,0.0,0.0,0.0,0.0,90.43299137933681,-21.518039204503204,74.25349521233788,-40.44084822879919,67.92218445056102,162.5057035609128,152.2279131019934,-53.31996788908198,94.64458673325005,-120.26686487665555,174.5990704205519,111.0773625612816,33.4560500250208,-34.943136658158714,25.347600974459723,-157.88335541025506,25.454955858545052,82.0471456712829,90.43299871580052,-21.51803736578618,74.25349388783837,-40.440845305646654,67.92218401947453,162.50570859191757
18,152.0746414294052,-52.67501118129275,96.63863308399992,-120.58101269634248,177.45609668310516,111.59714034720906,0.0,0.0,0.0028418891252552448,-21.32944622757368,0.0028343046774623004,-160.44577625496544,0.0029946329579612603,89.66828730042897,0.0030808257517988017,-31.144384479706567,0.0030463505771095947,-151.77274763384807,0.0,0.0,0.0,0.0,0.0030632373316735874,-151.6102594005969,117.94007453389294,-58.203776538883474,69.14239023537984,-102.38456014811396,136.316128447979,120.52605924811911,24.69841521858971,-33.985542257592655,0.0,0.0,0.005855012043204796,-147.09022120872535,0.0,0.0,0.005683777947078481,-21.3294424712253,0.005668609071725438,-160.4457730530568,33.17525826117327,-34.9360674265657,25.14871222776046,-157.88059325991907,25.246467371174763,82.02204812290276,24.699531132579356,-33.99137738081031,0.0,0.0,0.0,0.0,89.66410678374264,-21.5184351281788,74.26357335847746,-40.38384129454043,67.84620248486229,162.84903708351473,152.07519323789984,-52.67516970388572,96.6386401163016,-120.5814240972782,177.4561980773225,111.59691870181958,33.1769838789508,-34.94036995278485,25.15057225465245,-157.88616951857938,25.248305387004997,82.01651286100213,89.664106542149,-21.518435193557057,74.26356962807564,-40.38383714627084,67.8462048193277,162.84903793169337
19,151.94414990453643,-52.581803460190784,96.95529884962059,-120.49933885390293,177.06016201274954,111.56560768518683,0.0,0.0,0.002841912837004924,-21.33187033172905,0.002834295830056254,-160.44249043545892,0.002994761246811473,89.66699377462938,0.00308094909862391,-31.14727455977168,0.0030465168823785574,-151.76548937986502,0.0,0.0,0.0,0.0,0.0030634484850628543,-151.59945184881101,117.46792692087834,-58.1564255869579,69.27672474851798,-102.12173763729933,135.54214177063687,120.61985549635982,24.92855677603673,-33.987746714408594,0.0,0.0,0.005855489869482651,-147.0804882812309,0.0,0.0,0.005683825383779943,-21.331866469373285,0.005668591379141778,-160.44248728033511,33.49032516990171,-34.94075643903785,25.385564954138125,-157.88587412435498,25.484712896800364,82.02445672285852,24.929672743560293,-33.9935280714568,0.0,0.0,0.0,0.0,90.50848954385671,-21.521255790439426,74.19561928950901,-40.479313931640725,67.94162737692452,162.39879655807198,151.94470102795339,-52.58196245719315,96.95530489182534,-120.49974891621852,177.06026378533582,111.5653855624865,33.49205094029949,-34.94501832380251,25.387425118432002,-157.8913981521666,25.486550929556447,82.01897320232477,90.50849556787205,-21.52125429029405,74.19562417214136,-40.47931961784235,67.9416290339187,162.39879525568196
20,151.3496851788611,-52.52846406898603,98.6914126607612,-120.43639109235141,176.93678617586906,111.62040684914727,0.0,0.0,0.0028415766755285903,-21.343337124751166,0.0028344699907995458,-160.44278695740942,0.0029949490054021035,89.67154605216109,0.0030805835515509677,-31.1690009376741,0.003046720009894173,-151.7662436430353,0.0,0.0,0.0,0.0,0.0030642189998933405,-151.600533849391,116.90176147764686,-58.110156548434404,70.99071593760651,-102.50024764268439,135.4957335960582,120.68425562152356,24.900593042903715,-33.97345060064398,0.0,0.0,0.005856765947939541,-147.081992112049,0.0,0.0,0.005683153045522051,-21.34333329790557,0.0056689397125573495,-160.44278380631002,33.453294570123674,-34.93329396132759,25.3601576645965,-157.90092081089384,25.453036811035375,82.02423101342463,24.90170878908229,-33.979238467534195,0.0,0.0,0.0,0.0,90.41037356334652,-21.506849337486635,74.18525928599078,-40.50337656425133,67.94246629731953,162.4785119103352,151.35023590948774,-52.52862388466838,98.69141794143368,-120.4367939454502,176.93688729125094,111.62018453995735,33.45502017444315,-34.93756097259502,25.36201790127041,-157.90644972679183,25.454874908415785,82.01874046571409,90.41037207735202,-21.506849714462636,74.18526170594288,-40.503375256692095,67.94246668204119,162.4785150870893
21,152.00929579722396,-52.52650112407595,97.38567155655312,-120.26319323315832,177.41223908874878,111.58116773051123,0.0,0.0,0.002841995503139325,-21.335829782121646,0.002834279865041833,-160.44442766730697,0.0029947013803477605,89.66510177809936,0.0030811529546478063,-31.153592016807835,0.0030464725663898657,-151.76945532629531,0.0,0.0,0.0,0.0,0.0030634360565955057,-151.60171636520653,117.48851361406294,-58.08805088398598,69.79528099611886,-101.89869918220063,135.86461204033287,120.62694073012521,24.948199564201786,-33.989907200068316,0.0,0.0,0.005855451597342826,-147.08295834510946,0.0,0.0,0.005683990706153975,-21.335826062281292,0.005668559453275048,-160.44442458577618,33.519773469507854,-34.942171775227635,25.40606252553303,-157.88994168050812,25.506489102559577,82.02305667206213,24.94931546011853,-33.99568375660401,0.0,0.0,0.0,0.0,90.58970737771747,-21.523469959714777,74.19661689211613,-40.49359710571468,67.95002288621055,162.35372589758683,152.0098465123956,-52.52666025307091,97.38567473910125,-120.26360149396764,177.41234067497402,111.58094603909305,33.52149923812708,-34.946429844530485,25.407922783195207,-157.89546136365084,25.508327088932557,82.01757784049298,90.58971435536317,-21.523468227879366,74.19661904527499,-40.49359490598895,67.9500241945978,162.35372072725778
22,151.21829832796791,-53.35521726798306,95.96040218916453,-120.23803097151638,175.6043151942463,111.26023104581101,0.0,0.0,0.002842003527118587,-21.33070228433994,0.0028342892324746335,-160.43114208852734,0.002994671755926683,89.69061597139383,0.003081247790786204,-31.14162605959601,0.0030463972006731102,-151.74418169146867,0.0,0.0,0.0,0.0,0.0030635554247322827,-151.57324338283453,117.04296712106648,-59.17044595809508,68.53668197321258,-101.58444259172428,134.0595642144912,120.28579222640258,24.856902255231525,-33.962719203249094,0.0,0.0,0.005855652252747241,-147.05509039713965,0.0,0.0,0.005684006763902195,-21.33069845693942,0.005668578189610622,-160.4311389528475,33.39980959960169,-34.92742806715197,25.313568214397712,-157.88530688288003,25.413575629959894,82.03840895580888,24.858018030744468,-33.96851660503095,0.0,0.0,0.0,0.0,90.27279197268156,-21.49602023976585,74.23026230726992,-40.44995377550016,67.91567442788717,162.56655777149956,151.2188550928884,-53.3553741950036,95.96040506729807,-120.23844529808292,175.6044206233971,111.26000726192723,33.40153529030536,-34.93170154119247,25.315428585246764,-157.8908467382524,25.41541351529313,82.03290991728663,90.27279649767362,-21.496019116221902,74.23026102638914,-40.44995142012105,67.91567183685085,162.5665561038281
23,155.61166498278672,-50.4988441503902,102.32392767159371,-119.12203821637898,182.7105994419334,112.23335890121862,0.0,0.0,0.0028426961168160026,-21.36883511958085,0.002834094123978186,-160.47515716751917,0.0029933924622281465,89.590498078464,0.003082222281498911,-31.21230782841057,0.0030461667949245727,-151.8378845255714,0.0,0.0,0.0,0.0,0.0030627739766475536,-151.65643735922305,120.67376789853402,-55.291876055152265,75.19963946041412,-101.6781274480706,141.55016340700433,121.0946924734089,24.8549697425259,-34.07725381087842,0.0,0.0,0.005854326982160791,-147.1409053839408,0.0,0.0,0.005685391929824247,-21.36883135703147,0.005668187975738346,-160.47515400678475,33.42299490623574,-34.98416878356445,25.317505635553797,-157.91901487633788,25.428223918329707,81.99680586845213,24.856085150820928,-34.083049317594636,0.0,0.0,0.0,0.0,90.35802861722995,-21.610623593200508,74.27764123274216,-40.51011286855725,67.90782036819094,162.4362081436774,155.6122004164629,-50.499006673283446,102.32391703371418,-119.1224267330696,182.71069320732283,112.23314328991664,33.42472054300154,-34.98843799554996,25.319366213095485,-157.9245548450871,25.430061492456566,81.99130991474287,90.35802681847234,-21.61062403993853,74.27764565856154,-40.51011174699643,67.90782018414698,162.43620798152335
24,153.72278841100575,-47.60161042078506,130.19220608833598,-117.57039770978965,198.20060789641684,114.21948043292379,0.0,0.0,0.002839085945612842,-21.54444303964236,0.0028359462448395295,-160.59994785670852,0.0029946358679184925,89.56855599731317,0.003079014477338362,-31.546719562429242,0.0030471963662079583,-152.06861831861607,0.0,0.0,0.0,0.0,0.003069963910213188,-151.93112853446874,118.19273625551995,-51.63651384783638,102.98446291300577,-104.37461804336867,157.96231732706408,122.72267604666797,24.864680695724104,-33.972317176200285,0.0,0.0,0.005864518896829858,-147.4065983916989,0.0,0.0,0.005678171600611723,-21.544439229540764,0.00567189221455762,-160.59994465716497,33.428703841085465,-34.93273683173378,25.36007414009926,-158.12472557133432,25.40519272935627,81.85908804829917,24.865792538307705,-33.97810983832702,0.0,0.0,0.0,0.0,90.36635915334014,-21.505476632424234,74.03199975158559,-40.977975992861715,68.02293212444879,162.38424319222338,153.7233008508604,-47.60178481786643,130.19217666411538,-117.57070282387957,198.20067777590518,114.21928085283538,33.430427118973434,-34.93700942104438,25.361935324491938,-158.13025030386794,25.407031524087145,81.853588024126,90.3663601327292,-21.505476393411342,74.03199921110613,-40.97797323124608,68.02293338957477,162.38424224677786
25,153.164009913749,-45.496890040121535,152.681459286176,-117.56572312326776,201.04216040291212,115.76434898511616,0.0,0.0,0.0028355940187517335,-21.696236962665502,0.002838598587283708,-160.62483802051605,0.0029941657821730017,89.56048563798105,0.00307519566727829,-31.825354945085476,0.00305080537897302,-152.13423524384422,0.0,0.0,0.0,0.0,0.00308042645626778,-151.98697766809119,117.45693949465775,-48.910105994327274,125.19937520871446,-106.74429889477372,161.8681233476358,124.40483153601015,24.689381409142044,-33.868454580711976,0.0,0.0,0.005881912500957657,-147.4753933463873,0.0,0.0,0.00567118773998372,-21.696233129960046,0.005677196896720134,-160.6248349132815,33.25964020086576,-34.879925329646625,25.244184536663933,-158.32017028368278,25.215586244098596,81.83225740767087,24.690489151150214,-33.874283925323475,0.0,0.0,0.0,0.0,89.97669207481177,-21.400842901751044,73.88220086711651,-41.36025601851203,68.13676100324136,162.9520941873217,153.16450482261598,-45.49707199543071,152.6814298021802,-117.56598329427759,201.04221164300637,115.76415176057192,33.261360905539924,-34.884222284210814,25.24604694318156,-158.32571255597406,25.21742589953351,81.82671229297326,89.9766948216158,-21.400842216252656,73.88220214354088,-41.36025025001307,68.13676188570204,162.95208776290718
26,154.2474582389825,-44.81223495141151,156.92777871496725,-116.79967626676024,209.58923179415234,116.04677032898098,0.0,0.0,0.002835744516072315,-21.72125727961527,0.0028383110684902443,-160.68698285269323,0.0029942064595742768,89.53892988200468,0.003075940642095485,-31.8744479983243,0.003049544976591171,-152.24468551736,0.0,0.0,0.0,0.0,0.0030790090895791273,-152.12008513127356,118.45669712256496,-47.984429778012924,129.77574740063747,-106.18744211484999,170.51431411791089,124.32876428116569,24.687838026827613,-33.881062072392375,0.0,0.0,0.005878522171542802,-147.59896331456798,0.0,0.0,0.00567148872511196,-21.72125356516797,0.005676621863006713,-160.68697972416072,33.23665793647209,-34.885908657590676,25.233285036845544,-158.33741751816657,25.20993676711552,81.76588499104376,24.688945443149603,-33.88689196547162,0.0,0.0,0.0,0.0,89.89635674104737,-21.413503334448517,73.87834535037702,-41.39212846404783,68.10934317235997,162.7969387910706,154.2479472992539,-44.81241781184202,156.92773996503072,-116.79992923157468,209.58927962117795,116.04658108026541,33.23837845186039,-34.89020885580991,25.235147344025332,-158.34296337030005,25.21177650370282,81.76034072730658,89.8963559257619,-21.413503537428607,73.87834885294238,-41.39212791712561,68.10934535540954,162.79693776829797
27,160.29792313522782,-43.90018053519012,141.36885343415852,-116.14677800754068,210.9388051755757,115.1541018550434,0.0,0.0,0.0028400361938347297,-21.611749768440315,0.0028354059177588256,-160.6807281836907,0.002993204859739829,89.4311617273532,0.0030807034475572436,-31.672752818907888,0.003046044872735858,-152.23156140552115,0.0,0.0,0.0,0.0,0.0030681143968819533,-152.08653534402387,124.23464132838812,-46.63376987811053,114.73078330916135,-103.9691212751019,171.17629599478857,123.22673967431162,24.78699237849939,-34.12493902647224,0.0,0.0,0.005860997346805136,-147.56135360801423,0.0,0.0,0.005680072084192157,-21.61174598308854,0.005670811553853186,-160.6807250242898,33.34733239305621,-35.007059940836555,25.282742752496674,-158.18327203673064,25.345609493508945,81.78243053538503,24.78810368960348,-34.13074686369882,0.0,0.0,0.0,0.0,90.17067630576162,-21.65798685150938,74.12347216530448,-41.054703674843644,67.96790784795631,162.3014691291083,160.2984042975461,-43.90035925433365,141.3688067923712,-116.14705861587215,210.93886378231622,115.15391404262668,33.34905555552423,-35.01134159480184,25.28460423840209,-158.1888154686563,25.347447731912176,81.77691844039231,90.17068177370648,-21.657985477985612,74.1234706487121,-41.05470108539151,67.96790666832464,162.30146918697122
28,154.40547232968294,-46.141578525155715,145.2256448437667,-116.20721157832007,209.70395203332905,115.23195205832366,0.0,0.0,0.002837953244938601,-21.645597205216102,0.0028367803313062677,-160.6848538206713,0.0029943659498920744,89.54830654123637,0.003078799751399204,-31.732238385524152,0.003047248006852384,-152.2286254419119,0.0,0.0,0.0,0.0,0.003072973075618627,-152.11023579322878,118.58143612122217,-49.729322615786906,118.396185942707,-104.36154636854661,169.8978851526636,123.41071023593135,24.880047598594924,-33.93220973641784,0.0,0.0,0.005868229768964784,-147.5804032884704,0.0,0.0,0.005675906186943086,-21.645593401016328,0.0056735603826421595,-160.68485066908192,33.461816191105655,-34.91357663220764,25.393833367041694,-158.23654305664792,25.415361378353044,81.7690627876738,24.881157033015267,-33.93799652879663,0.0,0.0,0.0,0.0,90.46588955067604,-21.46534686473518,73.94963095454891,-41.2269456308176,68.07879573083677,162.2601586008454,154.40597267974098,-46.14175693949519,145.22559893198965,-116.20748475401152,209.70400970038534,115.23176311779258,33.463538114787205,-34.917846306699694,25.395695248629693,-158.24205871923064,25.417200576899752,81.76356582085846,90.46589576591283,-21.46534532049899,73.94962944845636,-41.226946095962774,68.0787973191738,162.26015617830805
29,157.09940670034604,-44.39568774451112,150.26869390387935,-115.98374512483323,214.8257947934393,115.72835047055878,0.0,0.0,0.0028380264875876174,-21.673031562761693,0.0028367475761801133,-160.71896450583702,0.0029940360452963563,89.4891475359212,0.003078955392658475,-31.785744040553578,0.0030472067518559514,-152.29629894905517,0.0,0.0,0.0,0.0,0.0030728457890520713,-152.1790497451262,120.86559753587319,-47.39377308595627,123.38191672037202,-104.52200148397259,175.11306653311598,123.81783453366059,24.96503924815181,-33.992136502785144,0.0,0.0,0.00586790769819611,-147.64896809869398,0.0,0.0,0.005676052676747173,-21.673027761083127,0.005673494878383355,-160.71896126095754,33.58194200993853,-34.944476058122,25.48337490843218,-158.263274643175,25.50629105891237,81.73355715318404,24.96614850874049,-33.997903090962815,0.0,0.0,0.0,0.0,90.79111973017618,-21.52553100299495,73.92514592537006,-41.31242963768791,68.1112304195342,162.0117226821586,157.09989217022246,-44.3958685780611,150.26864529191866,-115.98400906262455,214.82584646610914,115.72816590842906,33.583663887600466,-34.94873011375078,25.485236797182164,-158.2687710189358,25.508130268705155,81.72808003991521,90.7911227885344,-21.52553024904123,73.92514440481585,-41.31242494678831,68.1112310526365,162.01172173893593
30,158.7836418671303,-43.125365138986105,154.90970645709308,-116.02483448393345,218.0587602765476,116.17752396476962,0.0,0.0,0.0028376861987653105,-21.698610287083646,0.0028369857723551896,-160.74170875654994,0.002993924671414941,89.45095063261283,0.0030784995391811977,-31.83620902332331,0.0030475889123968447,-152.34229171969395,0.0,0.0,0.0,0.0,0.00307368940995838,-152.22760406069517,122.32081593547787,-45.708057382907256,127.88835663413992,-104.95702879640076,178.5152534681046,124.23352782559891,24.999644318655914,-34.02117178763831,0.0,0.0,0.005869271153375754,-147.69807558012027,0.0,0.0,0.005675372083887304,-21.69860657638822,0.005673971263913168,-160.7417055672568,33.63274640583386,-34.95935969561304,25.524599591845362,-158.291969365437,25.54056404179751,81.70874465616271,25.000753250869852,-34.026930173457316,0.0,0.0,0.0,0.0,90.93023140997705,-21.554650605731158,73.88956868782701,-41.38898971711141,68.13899738860786,161.9174634959821,158.7841162242727,-43.12554789391455,154.9096583402619,-116.02509052649357,218.05880652307013,116.17734203838089,33.63446806693007,-34.96360743747027,25.52646146802334,-158.29745615672527,25.542403418216303,81.70327473775943,90.93023471643907,-21.55464978275919,73.88956810305123,-41.388986824503654,68.1390024170939,161.91745966336956
31,150.04879197387507,-48.10320096007972,142.26345060627585,-117.6894614167421,192.72659309188742,114.83886659762705,0.0,0.0,0.0028364012769843106,-21.637388612116247,0.0028382881516121703,-160.5660998853475,0.0029945709923355824,89.63354156940814,0.0030761904233222877,-31.709347646201522,0.0030507048281165224,-152.01870842140957,0.0,0.0,0.0,0.0,0.0030792892226766517,-151.8605880934124,114.72731940335966,-52.4301333531493,114.83323068049967,-105.89997163548584,153.0284189571218,123.73815556509768,24.75665778829298,-33.81863517138679,0.0,0.0,0.005880469779233688,-147.35058214407712,0.0,0.0,0.005672802244749547,-21.637384974087507,0.0056765760240016765,-160.56609667153245,33.34554805239565,-34.85634443554237,25.30172176418071,-158.25734353933197,25.286444117816185,81.89476523801648,24.75776642883639,-33.82444962656289,0.0,0.0,0.0,0.0,90.20142282960589,-21.3512080407303,73.92020906907358,-41.24549054307195,68.14229171720233,162.91212736802152,150.04930848898414,-48.103377906777446,142.2634226208648,-117.68974066601982,192.72665550411006,114.83866113578516,33.34726940289297,-34.860629956305296,25.303584275529595,-158.26287454763283,25.28828354058971,81.88923530890861,90.20142885684118,-21.35120654523268,73.92020948953024,-41.24548782835647,68.14229273298379,162.9121267209306
32,161.6538641624021,-45.10350245123828,124.43309696269144,-117.02794372287406,201.32326974986177,114.45291457843092,0.0,0.0,0.0028421237436895347,-21.501482313721226,0.0028345772568257304,-160.60591343683456,0.002992586828839696,89.4277555329398,0.0030822586608277784,-31.46601376335133,0.003046119029299533,-152.09556597245228,0.0,0.0,0.0,0.0,0.0030644067612318093,-151.92646591267697,125.78603881585373,-48.135569806723765,97.74467198050999,-103.0299194343459,161.2698855363259,122.81833199051867,24.764712410113237,-34.20496449620714,0.0,0.0,0.005856105358256099,-147.407717527048,0.0,0.0,0.005684247187849081,-21.5014785765113,0.005669154235319363,-160.60591024421902,33.31693386986474,-35.045961247862074,25.239676652599165,-158.05543387066015,25.337377949384553,81.86298282586769,24.765826035776158,-34.210778680625,0.0,0.0,0.0,0.0,90.08918598888316,-21.7380856789064,74.26414180590523,-40.76090632849282,67.9006069077582,162.3858542876009,161.65435571984193,-45.103676050886705,124.43306097570165,-117.02826281575962,201.32333681328353,114.45271801364612,33.318658482440675,-35.05024443503409,25.24153761625999,-158.06099012833582,25.339215707506963,81.8574678052575,90.08918922210178,-21.738084852853788,74.26414278167488,-40.76090503577792,67.90060817830931,162.38585507051803
33,151.53806446126862,-49.92942505531566,121.1390655388474,-117.50801527748338,191.8470583960616,113.44737461043846,0.0,0.0,0.0028399262546176564,-21.494809020975705,0.002835734901599211,-160.55433032652806,0.0029947726875385852,89.63132371178733,0.003080154357360485,-31.447755813980514,0.0030471013643392744,-151.97946431375502,0.0,0.0,0.0,0.0,0.003068968336211294,-151.83318897424,116.51049507249328,-54.74164445146098,94.21351068424957,-103.06613019679939,151.27114484076426,122.09633590425915,24.856931208103774,-33.92927163303314,0.0,0.0,0.005863145490468431,-147.309712731781,0.0,0.0,0.005679852208415493,-21.494805246376142,0.00567146952752075,-160.5543272580658,33.415729590479216,-34.91137802759936,25.342055231379252,-158.0701048768293,25.399781131152768,81.90821237216726,24.85804365634328,-33.93506652517985,0.0,0.0,0.0,0.0,90.32957317647134,-21.462422409785496,74.09357026655154,-40.85227854990694,68.00373945334101,162.46778677101256,151.53859548321674,-49.92959395092977,121.1390353584848,-117.5083431785872,191.84713757133494,113.44716872005652,33.4174533317126,-34.91565188308368,25.343916564049245,-158.07563501316463,25.401619723309196,81.90271084063875,90.3295782756888,-21.46242114219636,74.09356965435849,-40.85227643862322,68.00373919246358,162.4677892957146
34,154.09765413256952,-47.49986561785659,129.22353280706147,-117.28886763307484,198.47008746499847,114.35463401042986,0.0,0.0,0.0028395192227501902,-21.539280915060143,0.0028359864352132656,-160.6014270228195,0.0029944968352360593,89.55997780996795,0.003079605525816201,-31.536774747946282,0.0030472926186496173,-152.07407984038642,0.0,0.0,0.0,0.0,0.003069688040910082,-151.93467000552198,118.77688492735476,-51.45635139705636,102.34079130232755,-104.01761442816188,158.5444609762528,122.80701481145655,24.70352359076539,-33.98823952850764,0.0,0.0,0.005864107600195319,-147.4103952113196,0.0,0.0,0.0056790381460712505,-21.539277066528726,0.005671972590832374,-160.60142382699303,33.20959580272848,-34.93807009803902,25.190362797763715,-158.115443389426,25.23982450313668,81.85942219044384,24.7046355410132,-33.99406992407495,0.0,0.0,0.0,0.0,89.78050656776298,-21.520972849762874,74.1102198210296,-40.89308923341365,67.95614850043354,162.69703753202322,154.09816573940066,-47.500039928291876,129.22349997493325,-117.28917496622256,198.47015571416884,114.35443465373687,33.21131913028095,-34.94237075085139,25.192224021647938,-158.12100623221573,25.24166325397446,81.8538857788382,89.78050164229833,-21.520974088953455,74.1102172261528,-40.89308594847918,67.95614960971331,162.69703314810212
35,153.9269746644875,-47.06066508102553,133.96823799610118,-117.259692125297,200.04104446693964,114.73604592787018,0.0,0.0,0.0028387713064407256,-21.570226824176405,0.002836531149420233,-160.61473285590878,0.0029945434492580857,89.55920321228827,0.0030788408601306327,-31.59411230081522,0.003047975910822183,-152.1005637607851,0.0,0.0,0.0,0.0,0.003071742579432107,-151.96467446667666,118.43356900024976,-50.90989801834767,106.93092347698108,-104.51093468546208,160.21565450851364,123.22330776618051,24.76407145612719,-33.96386839834491,0.0,0.0,0.005867382479934732,-147.44129142010934,0.0,0.0,0.005677542311426678,-21.57022309208755,0.005673062026131718,-160.61472962765617,33.29952317659523,-34.927142783054435,25.263607526153475,-158.15497387483012,25.29774142192429,81.84346361816229,24.765182583024423,-33.969684042738834,0.0,0.0,0.0,0.0,90.02777302543775,-21.496712430300935,74.04205335893731,-41.00688596269709,68.01353064733917,162.60399081280187,153.9274826622384,-47.06084103922318,133.96820481274892,-117.25998856646926,200.04110811876456,114.73584801127949,33.301246007828475,-34.93143243033432,25.265468953409062,-158.16051904270867,25.299580463347333,81.83793949831157,90.02777421925533,-21.496712127727925,74.04205134325069,-41.00688628994943,68.01352727613968,162.6039986833132
36,152.90419398135558,-47.402789523457635,135.02111718185128,-117.47311792062688,198.51196130022487,114.79135621375498,0.0,0.0,0.002838205842899334,-21.5786877559204,0.002836951230257431,-160.6059819180898,0.00299471400168182,89.57979191333355,0.003078156946161372,-31.608705651851345,0.0030486429070391017,-152.08422776369812,0.0,0.0,0.0,0.0,0.0030733693586079106,-151.94838067007305,117.38523368274406,-51.40679413210577,107.78916314706956,-104.84747178135281,158.6402473025249,123.39650872462894,24.82583807031382,-33.92693895977113,0.0,0.0,0.005870153957394219,-147.4267051832485,0.0,0.0,0.005676411381777185,-21.578684077989852,0.005673902180370332,-160.60597878012754,33.388640650833324,-34.90999447683795,25.334832917500634,-158.17072125531814,25.357240883265767,81.85067396021864,24.82694875886124,-33.93274006487698,0.0,0.0,0.0,0.0,90.27064243123694,-21.459900459220503,73.98706901074294,-41.07024844883587,68.06417772301306,162.54356442876662,152.90470479427506,-47.40296551935622,135.02108657900797,-117.47341210072572,198.5120242839256,114.79115675553454,33.39036321052048,-34.91427314764582,25.336694479682954,-158.1762495688098,25.35908014378741,81.84516226263108,90.27064407784371,-21.459900047553607,73.98707016455757,-41.07024819588085,68.06417694604919,162.54356386879098
37,150.378417777936,-49.983263075626574,123.8713661657497,-118.10598485289813,189.82419019275895,113.77688966197772,0.0,0.0,0.002838819806477001,-21.511864056703274,0.0028365855442389846,-160.54443046307563,0.0029950952047024934,89.64966060706726,0.003078625964580102,-31.480423579230884,0.0030485302973887038,-151.9630061436037,0.0,0.0,0.0,0.0,0.003072051133288679,-151.81899900526054,115.31294178603525,-54.877597246631964,96.5163830731263,-104.16888620309915,149.39213577930036,122.63804347762931,24.89452011664909,-33.881816393910135,0.0,0.0,0.005868459399272668,-147.29876421079743,0.0,0.0,0.005677639306627773,-21.511860431244955,0.0056731708079869455,-160.5444272997603,33.473107274299245,-34.88866723025203,25.394454248873824,-158.099692992225,25.4287185671799,81.91461259023856,24.895631867598254,-33.887602744000816,0.0,0.0,0.0,0.0,90.48847071889321,-21.414979189660492,74.0084578600652,-40.94281587143476,68.0683794988645,162.5005410875834,150.37894921908992,-49.983433083275635,123.87134322317301,-118.1063056495998,189.82426540257907,113.77668144363896,33.474830502645915,-34.89293468763938,25.396315670499114,-158.10520932992353,25.430557651225627,81.90911614377052,90.48846553308047,-21.414980478270696,74.0084566971361,-40.94281200119182,68.06838187641864,162.50053685030798
38,155.73923757342516,-49.86450274149193,105.73360111500108,-118.52368798162594,185.28732368512664,112.77557310653457,0.0,0.0,0.002842560924718414,-21.391132568509683,0.002834484925353785,-160.4957246000509,0.002993531531441956,89.57719332904828,0.0030823632980965833,-31.253284807686747,0.00304669882036052,-151.87726668178192,0.0,0.0,0.0,0.0,0.0030639285216843065,-151.70008521644124,120.51583310947456,-54.495445046958125,78.69754424741383,-101.55292848314737,144.22266536414412,121.67619874551383,24.957176617827393,-34.07775768898166,0.0,0.0,0.005856098942928835,-147.18402211861567,0.0,0.0,0.005685121554672285,-21.39112882976413,0.0056689695785199536,-160.49572151926495,33.56182929942814,-34.98603458476146,25.42428954611699,-157.9445887384948,25.529150200454442,81.97366398566739,24.95829158749035,-34.08352951163227,0.0,0.0,0.0,0.0,90.7290238911095,-21.611379152441092,74.23341371879371,-40.60184520652971,67.96738449728949,162.22402032670914,155.73976808775572,-49.8646673020744,105.73358323042542,-118.52406388836863,185.28741093847034,112.77536022923263,33.56355474385147,-34.99028645584813,25.426150346978996,-157.95010515955568,25.530988035932584,81.96818959124849,90.72902741157999,-21.61137826504213,74.23341519341166,-40.601845849659725,67.96738678289667,162.22401669765475
39,153.7737272762278,-50.9082599253792,104.03254715116005,-118.9254810141005,183.01915361675339,112.50253468482201,0.0,0.0,0.002842110131317786,-21.380742902988707,0.002834649141114485,-160.48339774342318,0.0029940439624211424,89.616734683048,0.003081695021906731,-31.23631202064046,0.0030467144270676315,-151.8510586566287,0.0,0.0,0.0,0.0,0.0030643745533721644,-151.6818253069831,119.16718765337363,-55.859179505450534,77.08267031078317,-101.94066001890263,142.2515780019991,121.345515146664,24.70372136574577,-34.02714591814349,0.0,0.0,0.0058567270017816355,-147.16376212413462,0.0,0.0,0.005684219961548598,-21.380739124334276,0.005669298011539487,-160.48339451132426,33.20402900140413,-34.956988482005684,25.162038167625695,-157.93464856600968,25.258365948589727,81.9860874726432,24.704836352555876,-34.032977881075325,0.0,0.0,0.0,0.0,89.76049058269241,-21.560039197403416,74.28189150468269,-40.49275033031149,67.87047261528842,162.78250406894398,153.77426585130513,-50.90842296121139,104.03253413288586,-118.92586312769072,183.01924415199372,112.50231930217595,33.20575424712212,-34.96128708913466,25.163898779915563,-157.94022202132192,25.260203918837814,81.9805543277202,89.76049226002183,-21.560038778195693,74.28189141922232,-40.492745141715744,67.87047523843322,162.78250543957714
40,154.56170444215599,-49.01081033007742,115.9682802904191,-117.71175266004761,191.80505297548353,113.44051600028416,0.0,0.0,0.002841276739121084,-21.45604872644875,0.002835051494785424,-160.54826834147684,0.0029941977409887826,89.57701601286763,0.003081399494217344,-31.37670583377222,0.003046749045270028,-151.97125383599283,0.0,0.0,0.0,0.0,0.003066183207582034,-151.81481644125827,119.08264611149505,-53.458136597736825,88.93874245556391,-102.3852524469222,150.94779424514564,122.16642052668489,25.022282462686526,-34.02995899899335,0.0,0.0,0.005859007159745686,-147.2931228758385,0.0,0.0,0.005682553164948057,-21.456044982322325,0.005670102707316486,-160.54826526788827,33.64018234238909,-34.963464100393445,25.499439070629276,-158.01945204820328,25.58221376060877,81.91545737541723,25.02339616697618,-34.03571593341906,0.0,0.0,0.0,0.0,90.9292791029949,-21.563674760186355,74.12501164196493,-40.793855902095366,68.02695169865694,162.06195252123993,154.56222823254663,-49.01097905583673,115.96825257702112,-117.7120952319023,191.80513223314682,113.44031006804418,33.64190697496886,-34.96770769402703,25.50130010097849,-158.02495030525066,25.584052052245713,81.90999520691939,90.92927439509586,-21.563675934550137,74.12500777547908,-40.7938531865614,68.02695372453273,162.06195047020964
41,151.06000227567824,-49.03109108102447,132.72750670448576,-117.35054819754592,196.30087943800618,114.54221932668864,0.0,0.0,0.0028380568758644,-21.57153327435037,0.0028372367206035407,-160.5924144338519,0.0029947575008128047,89.63554929617862,0.0030782924569649267,-31.589327998166546,0.0030489010288928336,-152.0549621074712,0.0,0.0,0.0,0.0,0.0030743183576497223,-151.9212323133769,115.69443404530647,-53.63109534191028,105.49024999521149,-104.34197418093859,156.1305061287148,123.25980703008749,24.951147656087965,-33.85819664691784,0.0,0.0,0.005871541781515277,-147.39916268639266,0.0,0.0,0.005676113440475069,-21.5715296347595,0.0056744731487756855,-160.5924112905124,33.56280225276106,-34.87820325389954,25.46714641750124,-158.16746163167684,25.48447226343122,81.86256406469482,24.95225783344097,-33.863968256649784,0.0,0.0,0.0,0.0,90.73965841401153,-21.39147572116005,73.93648246941824,-41.11380723371925,68.12886708514175,162.34577298087117,151.0605262278336,-49.03126364787737,132.72747461886482,-117.35084743289264,196.30094542662687,114.54201770269655,33.56452460809618,-34.88245995530379,25.469008264983792,-158.1729608678542,25.486311676959996,81.85707985417939,90.73965275390658,-21.39147712152013,73.93648109089028,-41.11380511543741,68.12886947700193,162.3457727172037
42,156.6354938622756,-45.51500717021383,141.32895128573287,-116.33998834741281,208.921886476595,115.40391262147969,0.0,0.0,0.0028388810478439503,-21.61703036038671,0.0028365836099952164,-160.67603731263063,0.002994008597427205,89.5103461191632,0.0030796464428642814,-31.678643185260125,0.003047663513603333,-152.21533841589172,0.0,0.0,0.0,0.0,0.003071863745902008,-152.0882605193297,120.33831557978704,-48.8845824971458,114.26892446701957,-103.98335577551491,168.82538492556114,123.76073012948842,25.126865652408306,-34.00041604992576,0.0,0.0,0.005866902767743535,-147.56136639229737,0.0,0.0,0.0056777617968308625,-21.617026673630296,0.005673166943411859,-160.67603423063218,33.800344281559006,-34.950987951317664,25.640903138610447,-158.20252047945291,25.6763849065863,81.77699039501546,25.127975889073998,-34.00614640752301,0.0,0.0,0.0,0.0,91.37342683221256,-21.534290455369934,73.92695395405434,-41.2391994500904,68.16138353174965,161.74686295142587,156.63598892681117,-45.51518503629846,141.32890697891574,-116.34026909818047,208.9219420683326,115.4037229273765,33.80206685018092,-34.955213601530716,25.64276491083713,-158.20798428780157,25.678224082898538,81.77154889561513,91.37343401784685,-21.53428867597538,73.92695338363826,-41.23919467140262,68.16138800987518,161.74686280237873
43,156.50913072042587,-45.759293381756166,141.58071719770342,-116.0209662059939,209.6399727239402,115.31970753041605,0.0,0.0,0.002839050033676248,-21.62168361167092,0.0028364953645287406,-160.6802458160281,0.002993878851557011,89.51757453260355,0.00308012325985023,-31.684206249716667,0.003047399221320039,-152.22196849943157,0.0,0.0,0.0,0.0,0.003071652864321977,-152.0937514638974,120.1176481647767,-49.22306732899752,114.60084848907755,-103.56958745158654,169.35187879776265,123.66139950871006,25.2169255933996,-33.992677883796674,0.0,0.0,0.005866397977856501,-147.56623976191165,0.0,0.0,0.005678099773350459,-21.621679831801984,0.005672990458553266,-160.68024269732354,33.92695563261145,-34.94866932109679,25.733698625530003,-158.2070269928771,25.772485140894915,81.77307898243632,25.218035639829267,-33.99838724872372,0.0,0.0,0.0,0.0,91.71561935265666,-21.52680719385599,73.91167110152313,-41.27969250882924,68.1966154141523,161.54963660495957,156.50962785170762,-45.75947061634375,141.58066903478942,-116.02124635252781,209.6400293316512,115.31951850826053,33.928678194982595,-34.952879031298245,25.73556058776346,-158.2124713845624,25.774324228840076,81.76765808668233,91.71562068466906,-21.52680687823545,73.91167103174656,-41.27968828985147,68.19661847060752,161.5496369845405
44,156.5993647696969,-46.01402807030742,140.47311646315484,-115.86138367721178,209.44420925844034,115.20582648910393,0.0,0.0,0.002839331650921664,-21.61654950333871,0.002836357805574451,-160.67758913909068,0.0029937221182489864,89.52182504354026,0.003080581853771694,-31.67217401493864,0.003047213945057489,-152.2163021314688,0.0,0.0,0.0,0.0,0.003071203808302819,-152.08524734851014,120.11565209904681,-49.5681570846568,113.51783693591693,-103.20274423817693,168.95303082024307,123.56928189823394,25.30728340134229,-33.99421797459316,0.0,0.0,0.005865643333559561,-147.5578510252085,0.0,0.0,0.005678662998450358,-21.616545751388745,0.005672715340318966,-160.6775859604973,34.053388403098886,-34.950895092369755,25.825463630287125,-158.200631990295,25.869558072059558,81.77618651104035,25.308393488423736,-33.99990663703846,0.0,0.0,0.0,0.0,92.05675344512828,-21.5286129433097,73.90278772305807,-41.296887901075635,68.22902034204192,161.3587148851645,156.5998640499552,-46.014204392817135,140.4730663728574,-115.86166597658143,209.4442672404998,115.20563732121198,34.05511108530607,-34.95508882718017,25.827325691748875,-158.206057469256,25.871397060325553,81.77078612264205,92.05675715442533,-21.528612039388804,73.90279019939315,-41.29688806928992,68.22902335034435,161.35870776044075
45,158.39446156922835,-44.13276886450645,148.68963150709186,-115.98313767355074,215.0773855461385,115.92198000512852,0.0,0.0,0.0028384595689367924,-21.66197475247551,0.00283679195357977,-160.7194529697343,0.0029937263972474675,89.47148706623432,0.0030793997967248844,-31.764283799099594,0.0030475604975514423,-152.29954856471198,0.0,0.0,0.0,0.0,0.0030726250860423116,-152.17986191651448,121.9666510248271,-47.032749484056026,121.73148477518303,-104.31938291844648,175.30695177840857,124.08358890019704,25.067284307542632,-34.02073567260489,0.0,0.0,0.005867705838349315,-147.65106296157765,0.0,0.0,0.005676918834229347,-21.661970996689046,0.005673583642623253,-160.71944975828927,33.72448140500858,-34.96018654018226,25.586850951200965,-158.2497309278687,25.61460709671174,81.73186604604707,25.068393740045366,-34.02647869082334,0.0,0.0,0.0,0.0,91.17526693348674,-21.554442098985195,73.91562490275813,-41.318971272115604,68.14970737171748,161.79480309270085,158.39494475783172,-44.132949023173886,148.6895828866902,-115.9834044137897,215.07743488039208,115.92179561341031,33.72620347095671,-34.96442201585483,25.588712829866477,-158.25520568423318,25.616446374147518,81.72641181013998,91.17526504074502,-21.554442570597715,73.91562545647831,-41.318969441046676,68.14971052245996,161.79479439068913
46,156.98829193249557,-44.50113776588476,150.88786041122904,-116.38994260562437,212.32391458451792,116.0830349870586,0.0,0.0,0.0028374619916327623,-21.67910690991704,0.00283756981788039,-160.70265371565063,0.002993833091076095,89.50005915486325,0.003078116704297122,-31.794281188726483,0.0030488328797253147,-152.2705483672764,0.0,0.0,0.0,0.0,0.0030756166005633254,-152.1480156427885,120.54645311012362,-47.56152497030743,123.63547715719213,-104.97485525632669,172.60923609303995,124.41991406550935,25.106230875157934,-33.96432191572102,0.0,0.0,0.00587287492327662,-147.6234634629566,0.0,0.0,0.005674923690665145,-21.679103113896172,0.005675139362647209,-160.70265053202525,33.79212238353166,-34.93321772556277,25.6431572769812,-158.279831715861,25.64939950171733,81.74695403680958,25.107339467502396,-33.9700555296818,0.0,0.0,0.0,0.0,91.36926309097339,-21.498047310586593,73.84215730411633,-41.41005552438033,68.21497032517993,161.83195142662868,156.9887783142398,-44.501318400859134,150.8878167083342,-116.39020558415176,212.3239619724727,116.0828481676916,33.79384390878302,-34.937445451849,25.645019396239483,-158.28529216618483,25.651239122059092,81.74150598484623,91.36926832143612,-21.49804602363577,73.84215605017512,-41.410052223811626,68.21497431831153,161.83195002408934
47,150.72223060067031,-49.20402026388798,134.0943313213085,-117.67240980585129,192.6204204323376,114.57744957397693,0.0,0.0,0.0028375448906933953,-21.584807003322283,0.002837781205660871,-160.5650078030287,0.002994460049290807,89.64840974523673,0.003077619313967273,-31.60866132175359,0.0030501397418907727,-152.0089053140254,0.0,0.0,0.0,0.0,0.0030767674033776254,-151.8591983974833,115.08996519788981,-53.92630336187532,106.4621120795409,-104.75860326760181,152.1922180366751,123.59705440944505,25.146898220302223,-33.83263245376319,0.0,0.0,0.00587611933842975,-147.34473617039433,0.0,0.0,0.005675089476947673,-21.584803321438176,0.005675562135283406,-160.56500458043416,33.85863474236398,-34.86907026952948,25.68628057733789,-158.19334531579884,25.690952807937986,81.89075700936104,25.148007739204356,-33.838357818750346,0.0,0.0,0.0,0.0,91.55717230550654,-21.36638188077738,73.85284736671628,-41.248544742903285,68.2517634666205,162.0659633751994,150.72275592338886,-49.20419261546103,134.09430313028497,-117.67270606333791,192.62048599673625,114.57724408648659,33.860356836870075,-34.87328967338249,25.688142853838738,-158.19879581123726,25.692792301638683,81.88531539755816,91.55717472548803,-21.366381289111175,73.85284946541707,-41.248545027065845,68.25176643933315,162.06595855290308
48,160.56469910890038,-47.32194648300091,110.41880861505642,-117.6943435392441,193.55523204412623,113.56479220315398,0.0,0.0,0.002843421062332578,-21.41498797201173,0.0028340188720493782,-160.54872347878685,0.0029925915466036024,89.47886478467579,0.0030835521008934744,-31.29888959519694,0.00304606878670593,-151.98152011490723,0.0,0.0,0.0,0.0,0.0030620870845520505,-151.80341714639525,124.43693148382175,-51.09366235371665,83.4199201417106,-101.22388362428863,152.40999617022027,122.31481916399738,25.20800449656921,-34.196765333365434,0.0,0.0,0.005852833111577109,-147.28617106704738,0.0,0.0,0.005686841812596526,-21.414984372299823,0.00566803746527232,-160.54872041634724,33.91161285525897,-35.048673934410466,25.679049639718254,-157.96077547569402,25.801287374717475,81.91892538459159,25.20911955284988,-34.20247859528648,0.0,0.0,0.0,0.0,91.67163951682299,-21.731182044944592,74.20364013459493,-40.71781084341689,68.04719035264448,161.54548637738802,160.5652092572867,-47.32211433884927,110.41878069069426,-117.69470332389425,193.55530980747665,113.56458808252181,33.91333857354464,-35.05288050889036,25.680910434965703,-157.96623866215728,25.80312502038532,81.91350965373094,91.67164305208964,-21.731181159928614,74.20363583325987,-40.717808658525385,68.04719395738984,161.54547932759414
49,155.20970228191615,-51.150372567762204,99.54600170332003,-118.77603307603725,181.7007935669064,112.14077661905543,0.0,0.0,0.0028431734767401457,-21.354924953511013,0.0028341211438291432,-160.46806217035467,0.002993511705179945,89.60836813929764,0.0030831308949223167,-31.181019764416497,0.003046460000496685,-151.82087106047376,0.0,0.0,0.0,0.0,0.003062748600732955,-151.63729150993538,119.86372535408893,-56.25086668808641,72.38318333427186,-100.17676209226592,139.86742709927054,121.22645651755543,25.258489059358926,-34.06559489354409,0.0,0.0,0.005854354705075772,-147.1219337337944,0.0,0.0,0.005686346656235492,-21.35492117519157,0.005668242014621825,-160.46805900623607,33.97135772267012,-34.98472305555579,25.72745637587355,-157.90581007484792,25.84563249156518,82.00119230563496,25.2596045938638,-34.07129813420867,0.0,0.0,0.0,0.0,91.82354527616289,-21.600077780419014,74.17999819653316,-40.62731236232407,68.0773093739681,161.6405411153173,155.21024270153418,-51.15053325364698,99.54598687547671,-118.77643239023054,181.7008884438014,112.14055985835637,33.97308369685654,-34.98892288316068,25.729317226969194,-157.9112623630505,25.847470181263482,81.99578523850437,91.82354238886863,-21.60007850314089,74.17999871435377,-40.627312060899584,68.07731401551781,161.64053832706364
50,151.45601822704327,-51.90487656779254,107.29876423244085,-118.69080230603187,182.14661599221031,112.47239088685023,0.0,0.0,0.0028411339380854626,-21.408099007958782,0.0028352679154457676,-160.4812198362105,0.002994600912968595,89.66892588136082,0.0030810706929018114,-31.280289757444336,0.0030475601776859857,-151.84006012551916,0.0,0.0,0.0,0.0,0.003067217554092327,-151.6744248799756,116.26635383592077,-57.42554033008698,79.79545977725988,-101.76426643587588,140.44068640307458,121.64103611006792,25.30739127218301,-33.938881280028255,0.0,0.0,0.005861252654775318,-147.15686233830894,0.0,0.0,0.005682267580815394,-21.40809523071659,0.005670535555422519,-160.4812167825493,34.03217357178361,-34.92307665005712,25.79489102002293,-157.9785634962752,25.874300746978562,81.98183866339312,25.308505224168396,-33.94457398033338,0.0,0.0,0.0,0.0,91.9808777149953,-21.47333006264566,74.0310748133003,-40.82024439946642,68.16452116138602,161.65859868374142,151.45656433038351,-51.905038529237004,107.29874837167026,-118.69117275752227,182.14670688808155,112.472174487508,34.033898465328214,-34.927271345619815,25.796752207118747,-157.9839979624167,25.87613916294356,81.97643732819927,91.98087303743482,-21.473331204989716,74.03107331867241,-40.82024429484918,68.16452181571411,161.65859737753425
51,154.15418058067488,-49.64640066053072,113.72290320389438,-118.2147482144622,188.63298957136286,113.33690680482113,0.0,0.0,0.0028411156262360933,-21.44342010349236,0.002835322261015892,-160.52610412494565,0.0029941070198154793,89.59771291956362,0.0030810414163074066,-31.350620898134782,0.0030474628912523843,-151.93044369352202,0.0,0.0,0.0,0.0,0.0030671590595631876,-151.76922652104366,118.60312221112677,-54.33515104610242,86.36343276759781,-102.50977996161072,147.5262553870808,122.28219154147612,25.166023003146513,-34.00720122371516,0.0,0.0,0.005860913965431348,-147.25069490670413,0.0,0.0,0.0056822309555700674,-21.44341640716887,0.005670644252108224,-160.52610097721796,33.84423522216304,-34.95459346043098,25.652823877117893,-158.01140195796896,25.73087093217659,81.93629054555876,25.167136606915996,-34.01292515331245,0.0,0.0,0.0,0.0,91.48242589572334,-21.541292779624662,74.06888970404091,-40.83512516758537,68.10381644266731,161.84174818389027,154.1547093878532,-49.646567662164266,113.72288157887613,-118.21509766016227,188.63307007584558,113.33669745317313,33.84595984974157,-34.95881130968156,25.654684978725733,-158.01686664809205,25.732709370410188,81.93085926128344,91.48242598258915,-21.54129275798907,74.06888964383383,-40.83512092244327,68.10382075216071,161.84174692207247
52,154.17088121251527,-49.549098528889814,114.41571180169228,-118.22948652082886,188.75233232752217,113.3909011643201,0.0,0.0,0.0028410079667453444,-21.44779674798495,0.0028353927361975096,-160.52711164761448,0.002994044252541883,89.59558336684924,0.0030808596895109466,-31.359719602350612,0.003047486901588424,-151.93406514504542,0.0,0.0,0.0,0.0,0.0030673590404380943,-151.77288401605045,118.81430516120717,-54.17213138616041,87.16655761919492,-102.77371671018521,147.91127948021872,122.27308155415284,25.011955085998892,-34.00640931816262,0.0,0.0,0.005861229454017631,-147.25459135782484,0.0,0.0,0.005682015639357079,-21.44779296677119,0.005670785193107247,-160.52710850556576,33.636226999445114,-34.951824933787705,25.496128706330843,-158.01565015769583,25.57148578234816,81.9364222602312,25.01306857629819,-34.012168310039236,0.0,0.0,0.0,0.0,90.92777504959516,-21.540072053288732,74.11110345398342,-40.787716692257206,68.04294608451589,162.15337014318854,154.1714092557408,-49.54926584600378,114.41569035618647,-118.22983385333745,188.7524121819012,113.39069192197178,33.637951482676186,-34.9560690487139,25.497989780490272,-158.0211483068213,25.573324201272,81.93095692213552,90.9277798105815,-21.540070877358385,74.11110448130609,-40.78771491240842,68.04294737420277,162.15336818201283
53,153.97216547133596,-50.168142314239475,111.30250908772021,-118.18343148925278,186.85424763738274,113.03575048986248,0.0,0.0,0.002841457936936061,-21.43059598819924,0.002835135758522905,-160.51158674531067,0.0029939521717867773,89.60865001857862,0.003081469920592916,-31.324416924376344,0.003047261271658722,-151.9035152974836,0.0,0.0,0.0,0.0,0.003066566391632581,-151.73581663817006,118.57364556694714,-55.01197264391273,84.07237362484554,-102.05269401905538,145.64407090981126,121.99395306461935,25.13759338266499,-34.00614808993414,0.0,0.0,0.005860058791506393,-147.21842339250372,0.0,0.0,0.0056829155718951824,-21.430592366237512,0.005670271236773412,-160.51158371537323,33.81018274275755,-34.95368906576344,25.62184673829067,-157.99647970061724,25.706224990003776,81.95334370854303,25.1387071795627,-34.01187817507546,0.0,0.0,0.0,0.0,91.39563118262306,-21.540175716710877,74.10464663874801,-40.78936215044423,68.08372676510322,161.90830378744388,153.97269835065129,-50.168307715352285,111.30248708293465,-118.18378852728124,186.85433176569992,113.03553927781053,33.811907529033626,-34.95791083078679,25.623707903936534,-158.0019515326352,25.70806322946315,81.94790710826729,91.3956277319992,-21.540176570356216,74.10464595046571,-40.7893588705286,68.0837325509448,161.90829382237726
54,153.1848477695998,-51.19416217321529,107.80517909358197,-118.23919800672623,183.80233330290875,112.57274307687244,0.0,0.0,0.0028417413018087395,-21.412442365167724,0.002834994383478672,-160.48849052800142,0.002993933944928255,89.63708061973942,0.0030818875373926904,-31.286403991392064,0.003047203128751342,-151.85830271785895,0.0,0.0,0.0,0.0,0.0030662472884048523,-151.68355702057934,117.85350202958881,-56.409254023690615,80.5670995913752,-101.32978339412574,142.18197019360818,121.64801967069496,25.262400840240844,-33.98560916186127,0.0,0.0,0.005859700494448325,-147.16762146614843,0.0,0.0,0.0056834822934824815,-21.4124385487886,0.005669988489306813,-160.48848746672488,33.98471602747987,-34.94558117630422,25.748896443335298,-157.97854113981373,25.838930879112265,81.97782374335962,25.26351481809782,-33.99131078244911,0.0,0.0,0.0,0.0,91.86650608093683,-21.51998178472865,74.08893216885788,-40.79557426637013,68.13332728428392,161.69430033782763,153.18538852174913,-51.1943248284322,107.80515776485788,-118.23956663817718,183.8024229942098,112.57252857737862,33.98644103445416,-34.94978092366536,25.750757753828772,-157.98398627029826,25.840768981821768,81.97241497591463,91.86650558905973,-21.519981908035525,74.08893420306678,-40.79557275947821,68.13332823295396,161.6942985868093
55,152.89231033733708,-51.206291234024675,108.75187252925127,-118.28346039162335,184.32836779851647,112.6592431463228,0.0,0.0,0.0028414827544901607,-21.417943706051773,0.0028351180485481414,-160.4937439518489,0.0029940090918337955,89.64079753514878,0.0030815358719403904,-31.29845981636472,0.0030472012123703967,-151.86841161075748,0.0,0.0,0.0,0.0,0.003066569458965209,-151.69842360556237,117.7991283200244,-56.39495074803656,81.60052647765555,-101.72129142179419,143.0107886738295,121.64884990047236,25.097797596355427,-33.97409697170524,0.0,0.0,0.005860097634671073,-147.18140369297444,0.0,0.0,0.005682965204976675,-21.417939884933485,0.005670235812130974,-160.4937408648794,33.75719385820104,-34.93730819382605,25.580767088881963,-157.98412509536905,25.66550973571867,81.9725193129186,25.098911401968678,-33.97983607120833,0.0,0.0,0.0,0.0,91.25506666254336,-21.50800607037235,74.12170005378161,-40.749005110621376,68.06727762453853,162.02479246274098,152.89285118094932,-51.20645415781106,108.75185173783541,-118.28382582366336,184.32845644985105,112.65902921632896,33.758918649943475,-34.94153666338198,25.58262831754964,-157.98960574614517,25.66734790877953,81.96707398189785,91.25506255144505,-21.508007091041385,74.12169998493486,-40.74900420721394,68.06727986119995,162.02478958056977
56,153.3405886151408,-50.53405500969096,111.46662641050241,-118.20917965054409,186.56816809966395,112.93717217344488,0.0,0.0,0.002841244929255674,-21.432723897060693,0.002835183253277998,-160.51049807340067,0.0029939625610772625,89.62228380793434,0.003081169692555711,-31.329747848519478,0.0030470474718524918,-151.9021127450757,0.0,0.0,0.0,0.0,0.003066655369165571,-151.73734675369226,118.4576869044592,-55.4369380539864,84.49492835137355,-102.3697609075106,145.78713191087408,121.74655723976467,24.833938336080585,-33.98605273791007,0.0,0.0,0.005860055043484925,-147.21894610991515,0.0,0.0,0.005682489559335551,-21.432720165284806,0.00567036621900154,-160.5104950173986,33.39518042251365,-34.939049539695155,25.31069192308849,-157.99742821733116,25.390807162616053,81.95648167112559,24.83505196113325,-33.99185271944614,0.0,0.0,0.0,0.0,90.28434781527594,-21.519238088851694,74.1871740101371,-40.68067774739331,67.96034981787422,162.52402791313978,153.3411243200783,-50.53421981667882,111.46660471884046,-118.20953616834495,186.56825341250885,112.93696068251283,33.396904947462765,-34.94332424814473,25.312553007439142,-158.00296720886743,25.39264534817449,81.95097746651916,90.28435452500906,-21.51923641086251,74.18717132035377,-40.68067606840711,67.96034976111724,162.52402662184062
57,160.07514761840167,-46.08743067897339,122.95191431022971,-117.29566475005628,200.32152231621316,114.43558015716286,0.0,0.0,0.0028416594433030573,-21.49354036950798,0.002834940652873684,-160.60317481909746,0.0029928262328463955,89.46769732402974,0.0030816741563881866,-31.451579537077414,0.0030464171086943435,-152.0871161299883,0.0,0.0,0.0,0.0,0.0030653216053098515,-151.92977096474695,124.50207155112648,-49.43133428047088,96.24354577815468,-103.21134677739524,160.41528597651993,122.80918356155685,24.67886874864312,-34.14872572549854,0.0,0.0,0.0058573591208689645,-147.4086570256223,0.0,0.0,0.005683318585403242,-21.49353661840554,0.0056698810287171796,-160.60317163133521,33.19102329545134,-35.016847435809474,25.152678098009922,-158.0491726670183,25.240120708937727,81.86244191144377,24.679982037245555,-34.15456066245646,0.0,0.0,0.0,0.0,89.74424316433303,-21.681591214534475,74.25147716928316,-40.72389863580779,67.87981652644042,162.59521663017597,160.07564751305492,-46.087602943083986,122.9518815617649,-117.29598776243272,200.32158959002214,114.43538261564056,33.19274759320405,-35.021147557840195,25.154538955085957,-158.0547475559372,25.2419587942269,81.85690568082795,89.74423791305546,-21.68159253098622,74.25147500590775,-40.72389565709764,67.87982075217472,162.59521483024628
58,149.83033562742492,-50.91091191839809,125.93929807417805,-118.45055765249643,182.15868797249135,113.7195645679821,0.0,0.0,0.002838029558668337,-21.539839478703335,0.0028377248293506544,-160.48572873532754,0.0029938831620683463,89.68793755694205,0.003077671282334139,-31.519077241569942,0.0030507629532863273,-151.8684496422891,0.0,0.0,0.0,0.0,0.0030768689512703736,-151.68792416143222,114.96941554494504,-56.11913272825162,98.37365279475215,-104.87608329751242,141.796926954934,123.01335294723557,24.855543762799712,-33.817816200659344,0.0,0.0,0.005877334645519987,-147.1837263886159,0.0,0.0,0.005676058796587234,-21.539835801944186,0.005675449379887855,-160.48572561420104,33.49138495990604,-34.85757456259226,25.39274160780191,-158.14912550885614,25.403760226067988,81.98000035465999,24.856653757762327,-33.82360744783707,0.0,0.0,0.0,0.0,90.60174823750268,-21.350751648242017,73.99567758932952,-41.04350924075514,68.14329335607368,162.79665573467335,149.83087422121633,-50.911079235109916,125.93927930225591,-118.45087323806366,182.15876387241806,113.71934761142063,33.49310731247509,-34.86183946922389,25.394604022568117,-158.15463911213317,25.40559922296989,81.97449506155094,90.60175371936897,-21.350750289928573,73.9956801413977,-41.04350632078011,68.14329397859234,162.79665265843556
59,159.68239866811965,-44.6343059057767,138.48764215558367,-116.662229213117,209.104345030603,115.4335643064541,0.0,0.0,0.002839680813589709,-21.593244118471592,0.002836074170175522,-160.67211281032766,0.0029932115368423097,89.45812521161761,0.003080010610812271,-31.638725533305394,0.003047187512829851,-152.2155993648329,0.0,0.0,0.0,0.0,0.0030696909755721807,-152.080236572659,123.74078479288133,-47.59795932323737,111.64397236208346,-104.28790283689965,169.5290628469435,123.64778630908354,24.779066527340483,-34.08587570545134,0.0,0.0,0.0058636354954796095,-147.55530943753118,0.0,0.0,0.0056793613257875184,-21.593240387955934,0.0056721480633706205,-160.67210962872906,33.332096512881556,-34.9876493466526,25.27790722807951,-158.16720180732278,25.32847197308156,81.78562623120291,24.78017755356136,-34.09168604197186,0.0,0.0,0.0,0.0,90.12580363567898,-21.618888885394185,74.08663934023745,-41.027655018555635,67.98892934966973,162.3795392853524,159.6828861971988,-44.634483086733965,138.48760174546547,-116.66251582262335,209.10440026340441,115.4333747695796,33.33381941584454,-34.99193328535837,25.279768557868913,-158.17274562141773,25.330310761211514,81.78010968800442,90.12580089148172,-21.618889576582852,74.08664118344369,-41.027653444848056,67.98893244323311,162.37953901320242
